tokenID,name,file_name,description,attributes[Rarity]
1,Pod #1,1.png,The Official Pacific Pod NFT on Ethereum backed by Pacifica Finance.,Legendary
2,Pod #2,2.png,The Official Pacific Pod NFT on Ethereum backed by Pacifica Finance.,Legendary
3,Pod #3,3.png,The Official Pacific Pod NFT on Ethereum backed by Pacifica Finance.,Legendary
4,Pod #4,26.png,The Official Pacific Pod NFT on Ethereum backed by Pacifica Finance.,Common
5,Pod #5,5.png,The Official Pacific Pod NFT on Ethereum backed by Pacifica Finance.,01-Jan
6,Pod #6,6.png,The Official Pacific Pod NFT on Ethereum backed by Pacifica Finance.,01-Jan
7,Pod #7,7.png,The Official Pacific Pod NFT on Ethereum backed by Pacifica Finance.,01-Jan
8,Pod #8,8.png,The Official Pacific Pod NFT on Ethereum backed by Pacifica Finance.,01-Jan
9,Pod #9,9.png,The Official Pacific Pod NFT on Ethereum backed by Pacifica Finance.,01-Jan
10,Pod #10,10.png,The Official Pacific Pod NFT on Ethereum backed by Pacifica Finance.,01-Jan
11,Pod #11,11.png,The Official Pacific Pod NFT on Ethereum backed by Pacifica Finance.,01-Jan
12,Pod #12,12.png,The Official Pacific Pod NFT on Ethereum backed by Pacifica Finance.,01-Jan
13,Pod #13,13.png,The Official Pacific Pod NFT on Ethereum backed by Pacifica Finance.,Rare
14,Pod #14,14.png,The Official Pacific Pod NFT on Ethereum backed by Pacifica Finance.,Rare
15,Pod #15,15.png,The Official Pacific Pod NFT on Ethereum backed by Pacifica Finance.,Rare
16,Pod #16,16.png,The Official Pacific Pod NFT on Ethereum backed by Pacifica Finance.,Rare
17,Pod #17,17.png,The Official Pacific Pod NFT on Ethereum backed by Pacifica Finance.,Rare
18,Pod #18,18.png,The Official Pacific Pod NFT on Ethereum backed by Pacifica Finance.,Rare
19,Pod #19,19.png,The Official Pacific Pod NFT on Ethereum backed by Pacifica Finance.,Rare
20,Pod #20,20.png,The Official Pacific Pod NFT on Ethereum backed by Pacifica Finance.,Rare
21,Pod #21,21.png,The Official Pacific Pod NFT on Ethereum backed by Pacifica Finance.,Rare
22,Pod #22,22.png,The Official Pacific Pod NFT on Ethereum backed by Pacifica Finance.,Rare
23,Pod #23,23.png,The Official Pacific Pod NFT on Ethereum backed by Pacifica Finance.,Common
24,Pod #24,24.png,The Official Pacific Pod NFT on Ethereum backed by Pacifica Finance.,Common
25,Pod #25,25.png,The Official Pacific Pod NFT on Ethereum backed by Pacifica Finance.,Common
26,Pod #26,4.png,The Official Pacific Pod NFT on Ethereum backed by Pacifica Finance.,Legendary
27,Pod #27,27.png,The Official Pacific Pod NFT on Ethereum backed by Pacifica Finance.,Common
28,Pod #28,28.png,The Official Pacific Pod NFT on Ethereum backed by Pacifica Finance.,Common
29,Pod #29,29.png,The Official Pacific Pod NFT on Ethereum backed by Pacifica Finance.,Common
30,Pod #30,30.png,The Official Pacific Pod NFT on Ethereum backed by Pacifica Finance.,Common
31,Pod #31,31.png,The Official Pacific Pod NFT on Ethereum backed by Pacifica Finance.,Common
32,Pod #32,32.png,The Official Pacific Pod NFT on Ethereum backed by Pacifica Finance.,Common
33,Pod #33,33.png,The Official Pacific Pod NFT on Ethereum backed by Pacifica Finance.,Common
34,Pod #34,34.png,The Official Pacific Pod NFT on Ethereum backed by Pacifica Finance.,Common
35,Pod #35,35.png,The Official Pacific Pod NFT on Ethereum backed by Pacifica Finance.,Common
36,Pod #36,36.png,The Official Pacific Pod NFT on Ethereum backed by Pacifica Finance.,Common
37,Pod #37,37.png,The Official Pacific Pod NFT on Ethereum backed by Pacifica Finance.,Common
38,Pod #38,38.png,The Official Pacific Pod NFT on Ethereum backed by Pacifica Finance.,Common
39,Pod #39,39.png,The Official Pacific Pod NFT on Ethereum backed by Pacifica Finance.,Common
40,Pod #40,40.png,The Official Pacific Pod NFT on Ethereum backed by Pacifica Finance.,Common
41,Pod #41,41.png,The Official Pacific Pod NFT on Ethereum backed by Pacifica Finance.,Common
42,Pod #42,42.png,The Official Pacific Pod NFT on Ethereum backed by Pacifica Finance.,Common
43,Pod #43,43.png,The Official Pacific Pod NFT on Ethereum backed by Pacifica Finance.,Common
44,Pod #44,44.png,The Official Pacific Pod NFT on Ethereum backed by Pacifica Finance.,Common
45,Pod #45,45.png,The Official Pacific Pod NFT on Ethereum backed by Pacifica Finance.,Common
46,Pod #46,46.png,The Official Pacific Pod NFT on Ethereum backed by Pacifica Finance.,Common
47,Pod #47,47.png,The Official Pacific Pod NFT on Ethereum backed by Pacifica Finance.,Common
48,Pod #48,48.png,The Official Pacific Pod NFT on Ethereum backed by Pacifica Finance.,Common
49,Pod #49,49.png,The Official Pacific Pod NFT on Ethereum backed by Pacifica Finance.,Common
50,Pod #50,50.png,The Official Pacific Pod NFT on Ethereum backed by Pacifica Finance.,Common
51,Pod #51,51.png,The Official Pacific Pod NFT on Ethereum backed by Pacifica Finance.,Common
52,Pod #52,52.png,The Official Pacific Pod NFT on Ethereum backed by Pacifica Finance.,Common
53,Pod #53,53.png,The Official Pacific Pod NFT on Ethereum backed by Pacifica Finance.,Common
54,Pod #54,54.png,The Official Pacific Pod NFT on Ethereum backed by Pacifica Finance.,Common
55,Pod #55,55.png,The Official Pacific Pod NFT on Ethereum backed by Pacifica Finance.,Common
56,Pod #56,56.png,The Official Pacific Pod NFT on Ethereum backed by Pacifica Finance.,Common
57,Pod #57,57.png,The Official Pacific Pod NFT on Ethereum backed by Pacifica Finance.,Common
58,Pod #58,58.png,The Official Pacific Pod NFT on Ethereum backed by Pacifica Finance.,Common
59,Pod #59,59.png,The Official Pacific Pod NFT on Ethereum backed by Pacifica Finance.,Common
60,Pod #60,60.png,The Official Pacific Pod NFT on Ethereum backed by Pacifica Finance.,Common
61,Pod #61,61.png,The Official Pacific Pod NFT on Ethereum backed by Pacifica Finance.,Common
62,Pod #62,62.png,The Official Pacific Pod NFT on Ethereum backed by Pacifica Finance.,Common
63,Pod #63,63.png,The Official Pacific Pod NFT on Ethereum backed by Pacifica Finance.,Common
64,Pod #64,64.png,The Official Pacific Pod NFT on Ethereum backed by Pacifica Finance.,Common
65,Pod #65,65.png,The Official Pacific Pod NFT on Ethereum backed by Pacifica Finance.,Common
66,Pod #66,66.png,The Official Pacific Pod NFT on Ethereum backed by Pacifica Finance.,Common
67,Pod #67,67.png,The Official Pacific Pod NFT on Ethereum backed by Pacifica Finance.,Common
68,Pod #68,68.png,The Official Pacific Pod NFT on Ethereum backed by Pacifica Finance.,Common
69,Pod #69,69.png,The Official Pacific Pod NFT on Ethereum backed by Pacifica Finance.,Common
70,Pod #70,70.png,The Official Pacific Pod NFT on Ethereum backed by Pacifica Finance.,Common
71,Pod #71,71.png,The Official Pacific Pod NFT on Ethereum backed by Pacifica Finance.,Common
72,Pod #72,72.png,The Official Pacific Pod NFT on Ethereum backed by Pacifica Finance.,Common
73,Pod #73,73.png,The Official Pacific Pod NFT on Ethereum backed by Pacifica Finance.,Common
74,Pod #74,74.png,The Official Pacific Pod NFT on Ethereum backed by Pacifica Finance.,Common
75,Pod #75,75.png,The Official Pacific Pod NFT on Ethereum backed by Pacifica Finance.,Common
76,Pod #76,76.png,The Official Pacific Pod NFT on Ethereum backed by Pacifica Finance.,Common
77,Pod #77,77.png,The Official Pacific Pod NFT on Ethereum backed by Pacifica Finance.,Common
78,Pod #78,78.png,The Official Pacific Pod NFT on Ethereum backed by Pacifica Finance.,Common
79,Pod #79,79.png,The Official Pacific Pod NFT on Ethereum backed by Pacifica Finance.,Common
80,Pod #80,80.png,The Official Pacific Pod NFT on Ethereum backed by Pacifica Finance.,Common
81,Pod #81,81.png,The Official Pacific Pod NFT on Ethereum backed by Pacifica Finance.,Common
82,Pod #82,82.png,The Official Pacific Pod NFT on Ethereum backed by Pacifica Finance.,Common
83,Pod #83,83.png,The Official Pacific Pod NFT on Ethereum backed by Pacifica Finance.,Common
84,Pod #84,84.png,The Official Pacific Pod NFT on Ethereum backed by Pacifica Finance.,Legendary
85,Pod #85,85.png,The Official Pacific Pod NFT on Ethereum backed by Pacifica Finance.,Rare
86,Pod #86,86.png,The Official Pacific Pod NFT on Ethereum backed by Pacifica Finance.,Legendary
87,Pod #87,87.png,The Official Pacific Pod NFT on Ethereum backed by Pacifica Finance.,Rare
88,Pod #88,88.png,The Official Pacific Pod NFT on Ethereum backed by Pacifica Finance.,Rare
89,Pod #89,89.png,The Official Pacific Pod NFT on Ethereum backed by Pacifica Finance.,Common
90,Pod #90,90.png,The Official Pacific Pod NFT on Ethereum backed by Pacifica Finance.,Common
91,Pod #91,91.png,The Official Pacific Pod NFT on Ethereum backed by Pacifica Finance.,Common
92,Pod #92,92.png,The Official Pacific Pod NFT on Ethereum backed by Pacifica Finance.,Common
93,Pod #93,93.png,The Official Pacific Pod NFT on Ethereum backed by Pacifica Finance.,Common
94,Pod #94,94.png,The Official Pacific Pod NFT on Ethereum backed by Pacifica Finance.,Common
95,Pod #95,95.png,The Official Pacific Pod NFT on Ethereum backed by Pacifica Finance.,Common
96,Pod #96,96.png,The Official Pacific Pod NFT on Ethereum backed by Pacifica Finance.,Rare
97,Pod #97,97.png,The Official Pacific Pod NFT on Ethereum backed by Pacifica Finance.,Common
98,Pod #98,98.png,The Official Pacific Pod NFT on Ethereum backed by Pacifica Finance.,Common
99,Pod #99,99.png,The Official Pacific Pod NFT on Ethereum backed by Pacifica Finance.,Common
100,Pod #100,100.png,The Official Pacific Pod NFT on Ethereum backed by Pacifica Finance.,Common
101,Pod #101,101.png,The Official Pacific Pod NFT on Ethereum backed by Pacifica Finance.,Legendary
102,Pod #102,102.png,The Official Pacific Pod NFT on Ethereum backed by Pacifica Finance.,Common
103,Pod #103,103.png,The Official Pacific Pod NFT on Ethereum backed by Pacifica Finance.,Common
104,Pod #104,104.png,The Official Pacific Pod NFT on Ethereum backed by Pacifica Finance.,Common
105,Pod #105,105.png,The Official Pacific Pod NFT on Ethereum backed by Pacifica Finance.,Common
106,Pod #106,106.png,The Official Pacific Pod NFT on Ethereum backed by Pacifica Finance.,Common
107,Pod #107,107.png,The Official Pacific Pod NFT on Ethereum backed by Pacifica Finance.,Common
108,Pod #108,108.png,The Official Pacific Pod NFT on Ethereum backed by Pacifica Finance.,Common
109,Pod #109,109.png,The Official Pacific Pod NFT on Ethereum backed by Pacifica Finance.,Common
110,Pod #110,110.png,The Official Pacific Pod NFT on Ethereum backed by Pacifica Finance.,Common
111,Pod #111,111.png,The Official Pacific Pod NFT on Ethereum backed by Pacifica Finance.,Common
112,Pod #112,112.png,The Official Pacific Pod NFT on Ethereum backed by Pacifica Finance.,Common
113,Pod #113,113.png,The Official Pacific Pod NFT on Ethereum backed by Pacifica Finance.,Common
114,Pod #114,114.png,The Official Pacific Pod NFT on Ethereum backed by Pacifica Finance.,Common
115,Pod #115,115.png,The Official Pacific Pod NFT on Ethereum backed by Pacifica Finance.,Common
116,Pod #116,116.png,The Official Pacific Pod NFT on Ethereum backed by Pacifica Finance.,Common
117,Pod #117,117.png,The Official Pacific Pod NFT on Ethereum backed by Pacifica Finance.,Common
118,Pod #118,118.png,The Official Pacific Pod NFT on Ethereum backed by Pacifica Finance.,Common
119,Pod #119,119.png,The Official Pacific Pod NFT on Ethereum backed by Pacifica Finance.,Common
120,Pod #120,120.png,The Official Pacific Pod NFT on Ethereum backed by Pacifica Finance.,Common
121,Pod #121,121.png,The Official Pacific Pod NFT on Ethereum backed by Pacifica Finance.,Common
122,Pod #122,122.png,The Official Pacific Pod NFT on Ethereum backed by Pacifica Finance.,Common
123,Pod #123,123.png,The Official Pacific Pod NFT on Ethereum backed by Pacifica Finance.,Common
124,Pod #124,124.png,The Official Pacific Pod NFT on Ethereum backed by Pacifica Finance.,Common
125,Pod #125,125.png,The Official Pacific Pod NFT on Ethereum backed by Pacifica Finance.,Common
126,Pod #126,126.png,The Official Pacific Pod NFT on Ethereum backed by Pacifica Finance.,Common
127,Pod #127,127.png,The Official Pacific Pod NFT on Ethereum backed by Pacifica Finance.,Rare
128,Pod #128,128.png,The Official Pacific Pod NFT on Ethereum backed by Pacifica Finance.,Common
129,Pod #129,129.png,The Official Pacific Pod NFT on Ethereum backed by Pacifica Finance.,Rare
130,Pod #130,130.png,The Official Pacific Pod NFT on Ethereum backed by Pacifica Finance.,Common
131,Pod #131,131.png,The Official Pacific Pod NFT on Ethereum backed by Pacifica Finance.,Common
132,Pod #132,132.png,The Official Pacific Pod NFT on Ethereum backed by Pacifica Finance.,Legendary
133,Pod #133,133.png,The Official Pacific Pod NFT on Ethereum backed by Pacifica Finance.,01-Jan
134,Pod #134,134.png,The Official Pacific Pod NFT on Ethereum backed by Pacifica Finance.,Legendary
135,Pod #135,135.png,The Official Pacific Pod NFT on Ethereum backed by Pacifica Finance.,Common
136,Pod #136,136.png,The Official Pacific Pod NFT on Ethereum backed by Pacifica Finance.,Common
137,Pod #137,137.png,The Official Pacific Pod NFT on Ethereum backed by Pacifica Finance.,01-Jan
138,Pod #138,138.png,The Official Pacific Pod NFT on Ethereum backed by Pacifica Finance.,Common
139,Pod #139,139.png,The Official Pacific Pod NFT on Ethereum backed by Pacifica Finance.,Common
140,Pod #140,140.png,The Official Pacific Pod NFT on Ethereum backed by Pacifica Finance.,Common
141,Pod #141,141.png,The Official Pacific Pod NFT on Ethereum backed by Pacifica Finance.,Common
142,Pod #142,142.png,The Official Pacific Pod NFT on Ethereum backed by Pacifica Finance.,01-Jan
143,Pod #143,143.png,The Official Pacific Pod NFT on Ethereum backed by Pacifica Finance.,Common
144,Pod #144,144.png,The Official Pacific Pod NFT on Ethereum backed by Pacifica Finance.,Common
145,Pod #145,145.png,The Official Pacific Pod NFT on Ethereum backed by Pacifica Finance.,Common
146,Pod #146,146.png,The Official Pacific Pod NFT on Ethereum backed by Pacifica Finance.,Common
147,Pod #147,147.png,The Official Pacific Pod NFT on Ethereum backed by Pacifica Finance.,Common
148,Pod #148,148.png,The Official Pacific Pod NFT on Ethereum backed by Pacifica Finance.,Rare
149,Pod #149,149.png,The Official Pacific Pod NFT on Ethereum backed by Pacifica Finance.,Common
150,Pod #150,150.png,The Official Pacific Pod NFT on Ethereum backed by Pacifica Finance.,Common
151,Pod #151,151.png,The Official Pacific Pod NFT on Ethereum backed by Pacifica Finance.,Common
152,Pod #152,152.png,The Official Pacific Pod NFT on Ethereum backed by Pacifica Finance.,01-Jan
153,Pod #153,153.png,The Official Pacific Pod NFT on Ethereum backed by Pacifica Finance.,Legendary
154,Pod #154,154.png,The Official Pacific Pod NFT on Ethereum backed by Pacifica Finance.,Common
155,Pod #155,155.png,The Official Pacific Pod NFT on Ethereum backed by Pacifica Finance.,Rare
156,Pod #156,156.png,The Official Pacific Pod NFT on Ethereum backed by Pacifica Finance.,01-Jan
157,Pod #157,157.png,The Official Pacific Pod NFT on Ethereum backed by Pacifica Finance.,Common
158,Pod #158,158.png,The Official Pacific Pod NFT on Ethereum backed by Pacifica Finance.,Rare
159,Pod #159,159.png,The Official Pacific Pod NFT on Ethereum backed by Pacifica Finance.,Rare
160,Pod #160,160.png,The Official Pacific Pod NFT on Ethereum backed by Pacifica Finance.,Common
161,Pod #161,161.png,The Official Pacific Pod NFT on Ethereum backed by Pacifica Finance.,Common
162,Pod #162,162.png,The Official Pacific Pod NFT on Ethereum backed by Pacifica Finance.,Common
163,Pod #163,163.png,The Official Pacific Pod NFT on Ethereum backed by Pacifica Finance.,Common
164,Pod #164,164.png,The Official Pacific Pod NFT on Ethereum backed by Pacifica Finance.,Common
165,Pod #165,165.png,The Official Pacific Pod NFT on Ethereum backed by Pacifica Finance.,Common
166,Pod #166,166.png,The Official Pacific Pod NFT on Ethereum backed by Pacifica Finance.,Common
167,Pod #167,167.png,The Official Pacific Pod NFT on Ethereum backed by Pacifica Finance.,01-Jan
168,Pod #168,168.png,The Official Pacific Pod NFT on Ethereum backed by Pacifica Finance.,Common
169,Pod #169,169.png,The Official Pacific Pod NFT on Ethereum backed by Pacifica Finance.,Common
170,Pod #170,170.png,The Official Pacific Pod NFT on Ethereum backed by Pacifica Finance.,Legendary
171,Pod #171,171.png,The Official Pacific Pod NFT on Ethereum backed by Pacifica Finance.,Common
172,Pod #172,172.png,The Official Pacific Pod NFT on Ethereum backed by Pacifica Finance.,Common
173,Pod #173,173.png,The Official Pacific Pod NFT on Ethereum backed by Pacifica Finance.,Common
174,Pod #174,174.png,The Official Pacific Pod NFT on Ethereum backed by Pacifica Finance.,Rare
175,Pod #175,175.png,The Official Pacific Pod NFT on Ethereum backed by Pacifica Finance.,Rare
176,Pod #176,176.png,The Official Pacific Pod NFT on Ethereum backed by Pacifica Finance.,Common
177,Pod #177,177.png,The Official Pacific Pod NFT on Ethereum backed by Pacifica Finance.,Rare
178,Pod #178,178.png,The Official Pacific Pod NFT on Ethereum backed by Pacifica Finance.,Rare
179,Pod #179,179.png,The Official Pacific Pod NFT on Ethereum backed by Pacifica Finance.,Common
180,Pod #180,180.png,The Official Pacific Pod NFT on Ethereum backed by Pacifica Finance.,Common
181,Pod #181,181.png,The Official Pacific Pod NFT on Ethereum backed by Pacifica Finance.,Common
182,Pod #182,182.png,The Official Pacific Pod NFT on Ethereum backed by Pacifica Finance.,Common
183,Pod #183,183.png,The Official Pacific Pod NFT on Ethereum backed by Pacifica Finance.,Legendary
184,Pod #184,184.png,The Official Pacific Pod NFT on Ethereum backed by Pacifica Finance.,Common
185,Pod #185,185.png,The Official Pacific Pod NFT on Ethereum backed by Pacifica Finance.,Common
186,Pod #186,186.png,The Official Pacific Pod NFT on Ethereum backed by Pacifica Finance.,01-Jan
187,Pod #187,187.png,The Official Pacific Pod NFT on Ethereum backed by Pacifica Finance.,Common
188,Pod #188,188.png,The Official Pacific Pod NFT on Ethereum backed by Pacifica Finance.,Common
189,Pod #189,189.png,The Official Pacific Pod NFT on Ethereum backed by Pacifica Finance.,Rare
190,Pod #190,190.png,The Official Pacific Pod NFT on Ethereum backed by Pacifica Finance.,Common
191,Pod #191,191.png,The Official Pacific Pod NFT on Ethereum backed by Pacifica Finance.,Common
192,Pod #192,192.png,The Official Pacific Pod NFT on Ethereum backed by Pacifica Finance.,Common
193,Pod #193,193.png,The Official Pacific Pod NFT on Ethereum backed by Pacifica Finance.,Common
194,Pod #194,194.png,The Official Pacific Pod NFT on Ethereum backed by Pacifica Finance.,01-Jan
195,Pod #195,195.png,The Official Pacific Pod NFT on Ethereum backed by Pacifica Finance.,Common
196,Pod #196,196.png,The Official Pacific Pod NFT on Ethereum backed by Pacifica Finance.,Common
197,Pod #197,197.png,The Official Pacific Pod NFT on Ethereum backed by Pacifica Finance.,Common
198,Pod #198,198.png,The Official Pacific Pod NFT on Ethereum backed by Pacifica Finance.,Common
199,Pod #199,199.png,The Official Pacific Pod NFT on Ethereum backed by Pacifica Finance.,Common
200,Pod #200,200.png,The Official Pacific Pod NFT on Ethereum backed by Pacifica Finance.,Rare
201,Pod #201,201.png,The Official Pacific Pod NFT on Ethereum backed by Pacifica Finance.,Common
202,Pod #202,202.png,The Official Pacific Pod NFT on Ethereum backed by Pacifica Finance.,Common
203,Pod #203,203.png,The Official Pacific Pod NFT on Ethereum backed by Pacifica Finance.,Common
204,Pod #204,204.png,The Official Pacific Pod NFT on Ethereum backed by Pacifica Finance.,Common
205,Pod #205,205.png,The Official Pacific Pod NFT on Ethereum backed by Pacifica Finance.,Common
206,Pod #206,206.png,The Official Pacific Pod NFT on Ethereum backed by Pacifica Finance.,Legendary
207,Pod #207,207.png,The Official Pacific Pod NFT on Ethereum backed by Pacifica Finance.,Common
208,Pod #208,208.png,The Official Pacific Pod NFT on Ethereum backed by Pacifica Finance.,Common
209,Pod #209,209.png,The Official Pacific Pod NFT on Ethereum backed by Pacifica Finance.,Common
210,Pod #210,210.png,The Official Pacific Pod NFT on Ethereum backed by Pacifica Finance.,Common
211,Pod #211,211.png,The Official Pacific Pod NFT on Ethereum backed by Pacifica Finance.,Rare
212,Pod #212,212.png,The Official Pacific Pod NFT on Ethereum backed by Pacifica Finance.,Common
213,Pod #213,213.png,The Official Pacific Pod NFT on Ethereum backed by Pacifica Finance.,Common
214,Pod #214,214.png,The Official Pacific Pod NFT on Ethereum backed by Pacifica Finance.,Rare
215,Pod #215,215.png,The Official Pacific Pod NFT on Ethereum backed by Pacifica Finance.,Rare
216,Pod #216,216.png,The Official Pacific Pod NFT on Ethereum backed by Pacifica Finance.,Common
217,Pod #217,217.png,The Official Pacific Pod NFT on Ethereum backed by Pacifica Finance.,Rare
218,Pod #218,218.png,The Official Pacific Pod NFT on Ethereum backed by Pacifica Finance.,Common
219,Pod #219,219.png,The Official Pacific Pod NFT on Ethereum backed by Pacifica Finance.,Legendary
220,Pod #220,220.png,The Official Pacific Pod NFT on Ethereum backed by Pacifica Finance.,Common
221,Pod #221,221.png,The Official Pacific Pod NFT on Ethereum backed by Pacifica Finance.,Common
222,Pod #222,222.png,The Official Pacific Pod NFT on Ethereum backed by Pacifica Finance.,Common
223,Pod #223,223.png,The Official Pacific Pod NFT on Ethereum backed by Pacifica Finance.,Common
224,Pod #224,224.png,The Official Pacific Pod NFT on Ethereum backed by Pacifica Finance.,Common
225,Pod #225,225.png,The Official Pacific Pod NFT on Ethereum backed by Pacifica Finance.,Common
226,Pod #226,226.png,The Official Pacific Pod NFT on Ethereum backed by Pacifica Finance.,Legendary
227,Pod #227,227.png,The Official Pacific Pod NFT on Ethereum backed by Pacifica Finance.,Common
228,Pod #228,228.png,The Official Pacific Pod NFT on Ethereum backed by Pacifica Finance.,Common
229,Pod #229,229.png,The Official Pacific Pod NFT on Ethereum backed by Pacifica Finance.,Common
230,Pod #230,230.png,The Official Pacific Pod NFT on Ethereum backed by Pacifica Finance.,Rare
231,Pod #231,231.png,The Official Pacific Pod NFT on Ethereum backed by Pacifica Finance.,01-Jan
232,Pod #232,232.png,The Official Pacific Pod NFT on Ethereum backed by Pacifica Finance.,Common
233,Pod #233,233.png,The Official Pacific Pod NFT on Ethereum backed by Pacifica Finance.,Rare
234,Pod #234,234.png,The Official Pacific Pod NFT on Ethereum backed by Pacifica Finance.,Legendary
235,Pod #235,235.png,The Official Pacific Pod NFT on Ethereum backed by Pacifica Finance.,Rare
236,Pod #236,236.png,The Official Pacific Pod NFT on Ethereum backed by Pacifica Finance.,Common
237,Pod #237,237.png,The Official Pacific Pod NFT on Ethereum backed by Pacifica Finance.,Legendary
238,Pod #238,238.png,The Official Pacific Pod NFT on Ethereum backed by Pacifica Finance.,Common
239,Pod #239,239.png,The Official Pacific Pod NFT on Ethereum backed by Pacifica Finance.,Legendary
240,Pod #240,240.png,The Official Pacific Pod NFT on Ethereum backed by Pacifica Finance.,Common
241,Pod #241,241.png,The Official Pacific Pod NFT on Ethereum backed by Pacifica Finance.,Common
242,Pod #242,242.png,The Official Pacific Pod NFT on Ethereum backed by Pacifica Finance.,Common
243,Pod #243,243.png,The Official Pacific Pod NFT on Ethereum backed by Pacifica Finance.,Common
244,Pod #244,244.png,The Official Pacific Pod NFT on Ethereum backed by Pacifica Finance.,Common
245,Pod #245,245.png,The Official Pacific Pod NFT on Ethereum backed by Pacifica Finance.,Common
246,Pod #246,246.png,The Official Pacific Pod NFT on Ethereum backed by Pacifica Finance.,Common
247,Pod #247,247.png,The Official Pacific Pod NFT on Ethereum backed by Pacifica Finance.,Common
248,Pod #248,248.png,The Official Pacific Pod NFT on Ethereum backed by Pacifica Finance.,Rare
249,Pod #249,249.png,The Official Pacific Pod NFT on Ethereum backed by Pacifica Finance.,Common
250,Pod #250,250.png,The Official Pacific Pod NFT on Ethereum backed by Pacifica Finance.,01-Jan
251,Pod #251,251.png,The Official Pacific Pod NFT on Ethereum backed by Pacifica Finance.,Common
252,Pod #252,252.png,The Official Pacific Pod NFT on Ethereum backed by Pacifica Finance.,Rare
253,Pod #253,253.png,The Official Pacific Pod NFT on Ethereum backed by Pacifica Finance.,Common
254,Pod #254,254.png,The Official Pacific Pod NFT on Ethereum backed by Pacifica Finance.,Common
255,Pod #255,255.png,The Official Pacific Pod NFT on Ethereum backed by Pacifica Finance.,Common
256,Pod #256,256.png,The Official Pacific Pod NFT on Ethereum backed by Pacifica Finance.,Legendary
257,Pod #257,257.png,The Official Pacific Pod NFT on Ethereum backed by Pacifica Finance.,Common
258,Pod #258,258.png,The Official Pacific Pod NFT on Ethereum backed by Pacifica Finance.,Common
259,Pod #259,259.png,The Official Pacific Pod NFT on Ethereum backed by Pacifica Finance.,Rare
260,Pod #260,260.png,The Official Pacific Pod NFT on Ethereum backed by Pacifica Finance.,Common
261,Pod #261,261.png,The Official Pacific Pod NFT on Ethereum backed by Pacifica Finance.,Common
262,Pod #262,262.png,The Official Pacific Pod NFT on Ethereum backed by Pacifica Finance.,Common
263,Pod #263,263.png,The Official Pacific Pod NFT on Ethereum backed by Pacifica Finance.,Common
264,Pod #264,264.png,The Official Pacific Pod NFT on Ethereum backed by Pacifica Finance.,Common
265,Pod #265,265.png,The Official Pacific Pod NFT on Ethereum backed by Pacifica Finance.,Common
266,Pod #266,266.png,The Official Pacific Pod NFT on Ethereum backed by Pacifica Finance.,Common
267,Pod #267,267.png,The Official Pacific Pod NFT on Ethereum backed by Pacifica Finance.,Common
268,Pod #268,268.png,The Official Pacific Pod NFT on Ethereum backed by Pacifica Finance.,Common
269,Pod #269,269.png,The Official Pacific Pod NFT on Ethereum backed by Pacifica Finance.,Rare
270,Pod #270,270.png,The Official Pacific Pod NFT on Ethereum backed by Pacifica Finance.,Common
271,Pod #271,271.png,The Official Pacific Pod NFT on Ethereum backed by Pacifica Finance.,Rare
272,Pod #272,272.png,The Official Pacific Pod NFT on Ethereum backed by Pacifica Finance.,Common
273,Pod #273,273.png,The Official Pacific Pod NFT on Ethereum backed by Pacifica Finance.,Common
274,Pod #274,274.png,The Official Pacific Pod NFT on Ethereum backed by Pacifica Finance.,Common
275,Pod #275,275.png,The Official Pacific Pod NFT on Ethereum backed by Pacifica Finance.,01-Jan
276,Pod #276,276.png,The Official Pacific Pod NFT on Ethereum backed by Pacifica Finance.,Common
277,Pod #277,277.png,The Official Pacific Pod NFT on Ethereum backed by Pacifica Finance.,Common
278,Pod #278,278.png,The Official Pacific Pod NFT on Ethereum backed by Pacifica Finance.,Common
279,Pod #279,279.png,The Official Pacific Pod NFT on Ethereum backed by Pacifica Finance.,Common
280,Pod #280,280.png,The Official Pacific Pod NFT on Ethereum backed by Pacifica Finance.,Common
281,Pod #281,281.png,The Official Pacific Pod NFT on Ethereum backed by Pacifica Finance.,Common
282,Pod #282,282.png,The Official Pacific Pod NFT on Ethereum backed by Pacifica Finance.,Rare
283,Pod #283,283.png,The Official Pacific Pod NFT on Ethereum backed by Pacifica Finance.,Common
284,Pod #284,284.png,The Official Pacific Pod NFT on Ethereum backed by Pacifica Finance.,Rare
285,Pod #285,285.png,The Official Pacific Pod NFT on Ethereum backed by Pacifica Finance.,Common
286,Pod #286,286.png,The Official Pacific Pod NFT on Ethereum backed by Pacifica Finance.,Common
287,Pod #287,287.png,The Official Pacific Pod NFT on Ethereum backed by Pacifica Finance.,Common
288,Pod #288,288.png,The Official Pacific Pod NFT on Ethereum backed by Pacifica Finance.,Common
289,Pod #289,289.png,The Official Pacific Pod NFT on Ethereum backed by Pacifica Finance.,Rare
290,Pod #290,290.png,The Official Pacific Pod NFT on Ethereum backed by Pacifica Finance.,Common
291,Pod #291,291.png,The Official Pacific Pod NFT on Ethereum backed by Pacifica Finance.,Common
292,Pod #292,292.png,The Official Pacific Pod NFT on Ethereum backed by Pacifica Finance.,Common
293,Pod #293,293.png,The Official Pacific Pod NFT on Ethereum backed by Pacifica Finance.,Common
294,Pod #294,294.png,The Official Pacific Pod NFT on Ethereum backed by Pacifica Finance.,01-Jan
295,Pod #295,295.png,The Official Pacific Pod NFT on Ethereum backed by Pacifica Finance.,Common
296,Pod #296,296.png,The Official Pacific Pod NFT on Ethereum backed by Pacifica Finance.,Common
297,Pod #297,297.png,The Official Pacific Pod NFT on Ethereum backed by Pacifica Finance.,Common
298,Pod #298,298.png,The Official Pacific Pod NFT on Ethereum backed by Pacifica Finance.,Common
299,Pod #299,299.png,The Official Pacific Pod NFT on Ethereum backed by Pacifica Finance.,Common
300,Pod #300,300.png,The Official Pacific Pod NFT on Ethereum backed by Pacifica Finance.,Rare
301,Pod #301,301.png,The Official Pacific Pod NFT on Ethereum backed by Pacifica Finance.,Common
302,Pod #302,302.png,The Official Pacific Pod NFT on Ethereum backed by Pacifica Finance.,Common
303,Pod #303,303.png,The Official Pacific Pod NFT on Ethereum backed by Pacifica Finance.,Legendary
304,Pod #304,304.png,The Official Pacific Pod NFT on Ethereum backed by Pacifica Finance.,Rare
305,Pod #305,305.png,The Official Pacific Pod NFT on Ethereum backed by Pacifica Finance.,Common
306,Pod #306,306.png,The Official Pacific Pod NFT on Ethereum backed by Pacifica Finance.,Common
307,Pod #307,307.png,The Official Pacific Pod NFT on Ethereum backed by Pacifica Finance.,01-Jan
308,Pod #308,308.png,The Official Pacific Pod NFT on Ethereum backed by Pacifica Finance.,Common
309,Pod #309,309.png,The Official Pacific Pod NFT on Ethereum backed by Pacifica Finance.,Common
310,Pod #310,310.png,The Official Pacific Pod NFT on Ethereum backed by Pacifica Finance.,Common
311,Pod #311,311.png,The Official Pacific Pod NFT on Ethereum backed by Pacifica Finance.,Common
312,Pod #312,312.png,The Official Pacific Pod NFT on Ethereum backed by Pacifica Finance.,Common
313,Pod #313,313.png,The Official Pacific Pod NFT on Ethereum backed by Pacifica Finance.,Common
314,Pod #314,314.png,The Official Pacific Pod NFT on Ethereum backed by Pacifica Finance.,Common
315,Pod #315,315.png,The Official Pacific Pod NFT on Ethereum backed by Pacifica Finance.,Rare
316,Pod #316,316.png,The Official Pacific Pod NFT on Ethereum backed by Pacifica Finance.,Common
317,Pod #317,317.png,The Official Pacific Pod NFT on Ethereum backed by Pacifica Finance.,01-Jan
318,Pod #318,318.png,The Official Pacific Pod NFT on Ethereum backed by Pacifica Finance.,Common
319,Pod #319,319.png,The Official Pacific Pod NFT on Ethereum backed by Pacifica Finance.,Common
320,Pod #320,320.png,The Official Pacific Pod NFT on Ethereum backed by Pacifica Finance.,Legendary
321,Pod #321,321.png,The Official Pacific Pod NFT on Ethereum backed by Pacifica Finance.,Rare
322,Pod #322,322.png,The Official Pacific Pod NFT on Ethereum backed by Pacifica Finance.,Common
323,Pod #323,323.png,The Official Pacific Pod NFT on Ethereum backed by Pacifica Finance.,Legendary
324,Pod #324,324.png,The Official Pacific Pod NFT on Ethereum backed by Pacifica Finance.,Common
325,Pod #325,325.png,The Official Pacific Pod NFT on Ethereum backed by Pacifica Finance.,Common
326,Pod #326,326.png,The Official Pacific Pod NFT on Ethereum backed by Pacifica Finance.,Common
327,Pod #327,327.png,The Official Pacific Pod NFT on Ethereum backed by Pacifica Finance.,Common
328,Pod #328,328.png,The Official Pacific Pod NFT on Ethereum backed by Pacifica Finance.,Common
329,Pod #329,329.png,The Official Pacific Pod NFT on Ethereum backed by Pacifica Finance.,Rare
330,Pod #330,330.png,The Official Pacific Pod NFT on Ethereum backed by Pacifica Finance.,Common
331,Pod #331,331.png,The Official Pacific Pod NFT on Ethereum backed by Pacifica Finance.,Common
332,Pod #332,332.png,The Official Pacific Pod NFT on Ethereum backed by Pacifica Finance.,Common
333,Pod #333,333.png,The Official Pacific Pod NFT on Ethereum backed by Pacifica Finance.,Common
